ssn,name,lastname,email,gender,company
608-95-1412,Wanda,Daniels,wdaniels0@slate.com,Female,Jabbersphere
895-30-4351,Elizabeth,Henderson,ehenderson1@naver.com,Female,Quimba
194-70-9867,Ruth,Gray,rgray2@sfgate.com,Female,Twitterbridge
573-50-9780,Chris,Woods,cwoods3@github.com,Male,Innotype
737-40-4294,Juan,White,jwhite4@sakura.ne.jp,Male,Yoveo
475-27-0879,Eric,Lawrence,elawrence5@netscape.com,Male,Layo
511-10-8047,Norma,Arnold,narnold6@arizona.edu,Female,Chatterbridge
966-56-0037,Louis,Rodriguez,lrodriguez7@sourceforge.net,Male,Edgeclub
960-10-5578,Bobby,Ray,bray8@hibu.com,Male,Buzzster
799-65-6900,Adam,Hansen,ahansen9@house.gov,Male,Thoughtworks
326-36-8857,Catherine,Garrett,cgarretta@delicious.com,Female,Quatz
450-51-5852,Donna,James,djamesb@amazon.co.jp,Female,Chatterbridge
796-74-7006,Peter,Flores,pfloresc@google.ru,Male,Edgetag
233-38-3308,Julia,Olson,jolsond@miitbeian.gov.cn,Female,Gabspot
634-11-9815,Terry,Fisher,tfishere@stumbleupon.com,Male,Topicblab
640-89-3576,Wanda,Tucker,wtuckerf@jugem.jp,Female,Dabvine
298-18-7104,Ernest,Ruiz,eruizg@nyu.edu,Male,Blogspan
967-65-9746,Barbara,Reid,breidh@oaic.gov.au,Female,Dabjam
695-91-6536,Sandra,Arnold,sarnoldi@drupal.org,Female,Mydo
396-20-3179,Donald,Willis,dwillisj@tiny.cc,Male,Jabbersphere
969-71-0430,Albert,Larson,alarsonk@multiply.com,Male,Quatz
326-95-3759,Elizabeth,Simpson,esimpsonl@quantcast.com,Female,Skaboo
704-85-7922,Virginia,Campbell,vcampbellm@ucoz.com,Female,Babbleblab
956-07-1506,Martha,Chavez,mchavezn@google.nl,Female,Edgeblab
341-50-0606,Marilyn,Morgan,mmorgano@berkeley.edu,Female,Meetz
955-64-0885,Michelle,Burke,mburkep@opensource.org,Female,Gabspot
532-10-9828,Nancy,Sims,nsimsq@cdc.gov,Female,Dablist
295-81-4954,Lillian,Garza,lgarzar@aol.com,Female,Youtags
561-39-9968,Irene,Ramirez,iramirezs@wix.com,Female,Feedmix
663-39-7056,Adam,Larson,alarsont@163.com,Male,Jayo
448-21-2780,Jason,Young,jyoungu@dmoz.org,Male,Flashspan
130-75-3332,Alan,Stewart,astewartv@amazon.com,Male,Devify
660-84-7312,Jean,Brooks,jbrooksw@msu.edu,Female,Brainsphere
545-14-5859,Andrew,Knight,aknightx@amazonaws.com,Male,Muxo
871-03-9022,Janet,Willis,jwillisy@zdnet.com,Female,Babbleset
315-59-8301,Mary,Bowman,mbowmanz@fda.gov,Female,Leexo
667-82-9628,Brian,Wright,bwright10@storify.com,Male,Mymm
512-14-5608,Kevin,Watson,kwatson11@webeden.co.uk,Male,Zoombeat
954-59-9254,Jeffrey,Davis,jdavis12@house.gov,Male,Jamia
652-75-8607,Rose,Ferguson,rferguson13@boston.com,Female,Jaxspan
540-86-3302,Gerald,Brown,gbrown14@mlb.com,Male,Yata
428-71-2507,Ruby,Long,rlong15@myspace.com,Female,Oloo
781-96-4119,Antonio,Andrews,aandrews16@nba.com,Male,Eare
973-49-7735,Henry,George,hgeorge17@msu.edu,Male,Podcat
357-86-2817,Edward,Wheeler,ewheeler18@hostgator.com,Male,Jaloo
158-23-1526,Louis,Daniels,ldaniels19@stanford.edu,Male,Aibox
717-91-0675,Henry,Fox,hfox1a@ocn.ne.jp,Male,Demizz
920-94-4498,Cheryl,Gonzalez,cgonzalez1b@wiley.com,Female,Zoomcast
277-45-3748,Donna,Hernandez,dhernandez1c@rakuten.co.jp,Female,Topicware
904-59-2327,Kathryn,Riley,kriley1d@msu.edu,Female,Blogtags
195-18-3837,Janet,Mendoza,jmendoza1e@hao123.com,Female,Buzzster
636-75-7077,Dennis,Carr,dcarr1f@tuttocitta.it,Male,Skyba
369-58-0868,Justin,Pierce,jpierce1g@go.com,Male,Yadel
799-39-5525,Louise,Cole,lcole1h@freewebs.com,Female,Blogspan
889-01-1095,Angela,Mills,amills1i@about.me,Female,Jaxbean
385-60-1438,George,Jones,gjones1j@dell.com,Male,InnoZ
337-91-5154,Christina,Wood,cwood1k@cafepress.com,Female,Thoughtbridge
923-43-9669,Angela,Franklin,afranklin1l@chicagotribune.com,Female,Youfeed
769-85-2517,Emily,Moore,emoore1m@last.fm,Female,Lazzy
598-58-7455,Samuel,Snyder,ssnyder1n@surveymonkey.com,Male,InnoZ
404-10-5323,Theresa,Wright,twright1o@php.net,Female,Cogidoo
617-79-1340,Gary,Ray,gray1p@dedecms.com,Male,Talane
951-70-6022,Christina,Moreno,cmoreno1q@nps.gov,Female,Meemm
463-73-5201,Matthew,Ford,mford1r@tripod.com,Male,Topicware
350-81-3674,Frances,Robinson,frobinson1s@wp.com,Female,Meedoo
373-82-5768,Jane,Miller,jmiller1t@patch.com,Female,Talane
303-75-8448,Michael,Carter,mcarter1u@topsy.com,Male,Wikibox
715-48-3263,Andrea,Peterson,apeterson1v@wired.com,Female,Jatri
958-42-0294,Robert,Armstrong,rarmstrong1w@yelp.com,Male,Feedfish
398-15-3709,Lois,Riley,lriley1x@symantec.com,Female,Bubbletube
912-49-2848,Maria,Burns,mburns1y@alibaba.com,Female,Trunyx
387-86-7189,Judith,Thompson,jthompson1z@wordpress.org,Female,Yodo
834-45-7016,Billy,Gilbert,bgilbert20@ycombinator.com,Male,Dynabox
980-09-6060,Anne,Greene,agreene21@mtv.com,Female,Kwideo
743-28-9717,Carlos,Wright,cwright22@people.com.cn,Male,Zooveo
202-07-5619,Amanda,Morales,amorales23@odnoklassniki.ru,Female,Fliptune
187-45-1982,Gary,Collins,gcollins24@behance.net,Male,Jetpulse
566-13-2561,Sandra,Gutierrez,sgutierrez25@oakley.com,Female,Oodoo
123-85-0645,Barbara,Flores,bflores26@tinyurl.com,Female,Blognation
410-22-6840,Ryan,Mills,rmills27@wix.com,Male,Eare
447-78-5888,Irene,Dunn,idunn28@amazon.de,Female,Yata
934-35-4339,Lois,Snyder,lsnyder29@guardian.co.uk,Female,Livefish
680-97-7028,Frances,Jones,fjones2a@creativecommons.org,Female,Dynabox
112-80-3394,Rose,Fox,rfox2b@utexas.edu,Female,Kayveo
755-05-9857,Billy,Hayes,bhayes2c@hp.com,Male,Tagopia
526-23-1599,Alan,Phillips,aphillips2d@topsy.com,Male,Thoughtworks
206-29-1710,Anne,Coleman,acoleman2e@nature.com,Female,Buzzshare
339-49-3314,Fred,Hernandez,fhernandez2f@scribd.com,Male,Feedmix
613-05-0224,Albert,Kim,akim2g@ted.com,Male,Quatz
940-15-3860,Lillian,Rodriguez,lrodriguez2h@icio.us,Female,Skipfire
562-74-3865,Steve,Burton,sburton2i@mtv.com,Male,Izio
886-05-0422,Charles,Scott,cscott2j@delicious.com,Male,Meeveo
964-17-6884,William,Perez,wperez2k@utexas.edu,Male,Gabvine
773-20-8441,Russell,Richardson,rrichardson2l@nsw.gov.au,Male,Blogspan
710-83-6946,Anne,Lane,alane2m@163.com,Female,Tekfly
120-82-2028,Jack,James,jjames2n@a8.net,Male,Realcube
339-32-9860,Judy,Banks,jbanks2o@jugem.jp,Female,Rooxo
163-71-8605,Dennis,Wilson,dwilson2p@indiatimes.com,Male,Meejo
582-95-9857,Janet,Mcdonald,jmcdonald2q@csmonitor.com,Female,Jazzy
293-37-8748,Judith,Cook,jcook2r@photobucket.com,Female,Rhyzio
636-24-5646,Carolyn,Bishop,cbishop2s@amazonaws.com,Female,Izio
538-87-9973,Patrick,Clark,pclark2t@narod.ru,Male,Mycat
436-16-4383,Andrew,Chavez,achavez2u@hp.com,Male,Mycat
332-26-0019,Billy,Spencer,bspencer2v@devhub.com,Male,Jetpulse
429-03-9365,Bonnie,Nelson,bnelson2w@jimdo.com,Female,Tazzy
151-00-9689,Jeremy,Johnston,jjohnston2x@opensource.org,Male,Wikivu
727-28-2766,Robin,James,rjames2y@ox.ac.uk,Female,Plajo
614-27-8398,Douglas,Young,dyoung2z@auda.org.au,Male,Shuffledrive
793-46-0068,Albert,Richards,arichards30@joomla.org,Male,Meembee
203-61-6081,Kimberly,Baker,kbaker31@arstechnica.com,Female,Avavee
960-75-9442,Henry,Vasquez,hvasquez32@senate.gov,Male,Blogtag
578-32-1888,Tammy,Hunt,thunt33@facebook.com,Female,Kwinu
782-26-7714,Matthew,Wallace,mwallace34@whitehouse.gov,Male,Rooxo
553-85-9932,Charles,Campbell,ccampbell35@latimes.com,Male,Blogspan
815-17-8216,Ruth,Nichols,rnichols36@youku.com,Female,Flashspan
957-91-4056,Edward,Chavez,echavez37@mashable.com,Male,Tambee
657-86-5475,Jeremy,Burke,jburke38@flavors.me,Male,Topiclounge
740-95-7255,Gregory,Johnson,gjohnson39@networksolutions.com,Male,Meembee
782-99-9184,Lois,Reed,lreed3a@forbes.com,Female,Mybuzz
292-38-7600,Marilyn,Davis,mdavis3b@auda.org.au,Female,Skibox
259-14-5567,Mildred,Simmons,msimmons3c@hugedomains.com,Female,Cogibox
793-81-0978,Kathy,Flores,kflores3d@imgur.com,Female,Dynazzy
692-75-0397,Adam,Greene,agreene3e@psu.edu,Male,Topiclounge
648-76-4743,Gloria,Mcdonald,gmcdonald3f@sfgate.com,Female,Layo
852-53-4646,Julie,Simmons,jsimmons3g@sina.com.cn,Female,Pixope
426-37-8605,Stephen,Powell,spowell3h@cpanel.net,Male,Devcast
858-19-8731,Donald,Webb,dwebb3i@csmonitor.com,Male,Photolist
268-80-5819,Thomas,Anderson,tanderson3j@parallels.com,Male,Tekfly
923-50-9174,Tina,Carpenter,tcarpenter3k@hao123.com,Female,Trupe
949-85-1772,Christopher,Anderson,canderson3l@twitpic.com,Male,Edgepulse
440-82-8675,Adam,Wells,awells3m@example.com,Male,Blognation
631-44-7129,Bruce,Edwards,bedwards3n@tinyurl.com,Male,Tagchat
720-91-4103,Karen,Shaw,kshaw3o@cdc.gov,Female,Bluezoom
668-05-5430,Johnny,Wagner,jwagner3p@jigsy.com,Male,Yamia
243-07-6984,Carlos,Murphy,cmurphy3q@people.com.cn,Male,Skinder
659-55-0731,Stephanie,Mccoy,smccoy3r@theatlantic.com,Female,Zoombeat
134-79-2378,Lisa,Willis,lwillis3s@qq.com,Female,Rooxo
242-61-9737,Ryan,Jenkins,rjenkins3t@engadget.com,Male,Kanoodle
642-19-0850,Dorothy,Watson,dwatson3u@webs.com,Female,Voolith
604-29-9732,Annie,Martin,amartin3v@google.com,Female,Gigazoom
275-74-5914,Jack,Williams,jwilliams3w@noaa.gov,Male,Realpoint
379-40-2196,Willie,Andrews,wandrews3x@sohu.com,Male,Realcube
371-51-4824,Carl,Garcia,cgarcia3y@tripod.com,Male,Youbridge
255-40-0534,Benjamin,Wallace,bwallace3z@live.com,Male,Kwideo
503-70-0356,Ruby,Parker,rparker40@creativecommons.org,Female,Trudeo
504-37-2355,Joan,Russell,jrussell41@biglobe.ne.jp,Female,Realpoint
870-95-7180,Shirley,Griffin,sgriffin42@newsvine.com,Female,Skipfire
822-80-8222,Jean,Holmes,jholmes43@about.me,Female,Fivespan
174-70-0185,Douglas,George,dgeorge44@gnu.org,Male,Linktype
643-50-4351,Bonnie,Foster,bfoster45@wsj.com,Female,Zooxo
650-24-0520,Edward,Green,egreen46@chronoengine.com,Male,Skinix
888-32-6327,Terry,Brooks,tbrooks47@reference.com,Male,Twitterlist
314-61-6420,Eric,Burton,eburton48@biblegateway.com,Male,Avavee
258-66-4520,Lori,Hernandez,lhernandez49@imageshack.us,Female,Kayveo
818-14-5719,Phillip,Spencer,pspencer4a@ehow.com,Male,Skivee
492-51-0841,Joyce,Lane,jlane4b@usa.gov,Female,Photofeed
874-10-3598,Sara,Weaver,sweaver4c@gov.uk,Female,Fivechat
532-84-4679,Russell,Sims,rsims4d@disqus.com,Male,Ozu
496-43-3959,Russell,Gray,rgray4e@istockphoto.com,Male,Livepath
236-99-7209,Virginia,Carroll,vcarroll4f@archive.org,Female,Tagfeed
898-09-3151,Shawn,Boyd,sboyd4g@salon.com,Male,Rhyzio
301-07-3759,Arthur,Hill,ahill4h@whitehouse.gov,Male,Edgewire
316-21-3479,Fred,Mills,fmills4i@hostgator.com,Male,Riffpath
576-36-1122,Donald,Martinez,dmartinez4j@tripadvisor.com,Male,Ailane
549-41-8962,Martha,Dean,mdean4k@twitter.com,Female,Shuffletag
961-42-9531,Bobby,Ray,bray4l@fc2.com,Male,Shufflebeat
656-91-2653,Evelyn,Hunter,ehunter4m@yahoo.com,Female,Yacero
829-93-5895,Kathleen,Sanders,ksanders4n@a8.net,Female,Kimia
724-67-8866,Harold,Little,hlittle4o@topsy.com,Male,Gabcube
319-58-2033,Brenda,Schmidt,bschmidt4p@thetimes.co.uk,Female,Gabcube
544-12-6353,Barbara,Morris,bmorris4q@baidu.com,Female,Chatterpoint
653-44-2109,Jeremy,James,jjames4r@example.com,Male,Npath
693-43-2110,Elizabeth,Gibson,egibson4s@time.com,Female,Npath
981-88-1405,Stephanie,Ramirez,sramirez4t@bloomberg.com,Female,Pixope
469-48-2205,Eric,Harris,eharris4u@elpais.com,Male,Kwideo
150-83-9240,Cynthia,Bowman,cbowman4v@nyu.edu,Female,Jaxnation
245-59-5348,Kevin,Cox,kcox4w@youtube.com,Male,Avamm
954-16-5351,Martin,Howard,mhoward4x@sbwire.com,Male,Blogtag
619-17-5971,Betty,Owens,bowens4y@columbia.edu,Female,Fatz
837-33-1109,Jesse,Vasquez,jvasquez4z@tinyurl.com,Male,Meembee
280-35-9798,Sara,Nelson,snelson50@globo.com,Female,Layo
168-05-8042,Carol,Foster,cfoster51@wired.com,Female,Wordtune
999-64-3481,Denise,Robinson,drobinson52@phpbb.com,Female,Myworks
897-47-8816,Kathleen,Crawford,kcrawford53@hatena.ne.jp,Female,Eayo
830-68-0677,Jonathan,Butler,jbutler54@va.gov,Male,Camido
600-79-5729,Janice,Vasquez,jvasquez55@theglobeandmail.com,Female,Wordpedia
385-59-3977,Tina,Hayes,thayes56@vistaprint.com,Female,Quinu
845-06-4326,Brian,Chapman,bchapman57@dagondesign.com,Male,Kwideo
634-46-2156,Amanda,Brown,abrown58@engadget.com,Female,Voonte
569-83-7945,Kathy,Washington,kwashington59@theguardian.com,Female,Nlounge
254-23-2896,Lawrence,Wood,lwood5a@github.com,Male,Tazzy
200-88-6258,Douglas,Washington,dwashington5b@shop-pro.jp,Male,Dabvine
855-52-7577,Charles,Garrett,cgarrett5c@umn.edu,Male,Youbridge
284-08-3620,Norma,Gardner,ngardner5d@ihg.com,Female,Skyndu
964-10-0325,Willie,Reed,wreed5e@woothemes.com,Male,Quaxo
559-69-5697,Jeffrey,Hill,jhill5f@sogou.com,Male,Pixope
155-31-3486,Jeffrey,Cunningham,jcunningham5g@apache.org,Male,Avavee
590-07-6460,Heather,Harris,hharris5h@dagondesign.com,Female,Quamba
749-50-6727,Howard,Parker,hparker5i@umn.edu,Male,Tagcat
304-96-4590,Martin,Fowler,mfowler5j@epa.gov,Male,Kwideo
832-37-2866,Tina,Sullivan,tsullivan5k@gizmodo.com,Female,Browsetype
281-07-1394,Gary,Lynch,glynch5l@sciencedirect.com,Male,Devcast
168-47-9054,Harry,Garza,hgarza5m@geocities.com,Male,Jaxworks
861-24-2801,Edward,Mcdonald,emcdonald5n@huffingtonpost.com,Male,Yakidoo
354-75-4773,Dennis,Rose,drose5o@is.gd,Male,Devcast
560-52-2394,Katherine,Wright,kwright5p@guardian.co.uk,Female,Skinder
359-98-2615,Angela,Gonzalez,agonzalez5q@macromedia.com,Female,Miboo
658-27-7180,Emily,Harper,eharper5r@blogger.com,Female,Zoomzone
295-69-5786,Randy,Henderson,rhenderson5s@networkadvertising.org,Male,Skilith
688-00-2409,Marie,Hamilton,mhamilton5t@blogs.com,Female,Chatterpoint
868-26-7977,Lillian,Patterson,lpatterson5u@163.com,Female,Tekfly
303-18-9117,Robert,Carroll,rcarroll5v@mail.ru,Male,Yambee
557-45-0279,John,Mitchell,jmitchell5w@stanford.edu,Male,Zoozzy
865-36-7005,Louis,Peters,lpeters5x@cnet.com,Male,Demivee
795-99-4532,Julie,Ruiz,jruiz5y@elpais.com,Female,Kamba
155-28-8135,Ronald,Mendoza,rmendoza5z@etsy.com,Male,Brainverse
234-94-8355,Nicole,Larson,nlarson60@unicef.org,Female,Oyoba
999-45-8460,Sandra,Nguyen,snguyen61@samsung.com,Female,Rhybox
812-24-5322,Anne,Kelley,akelley62@qq.com,Female,Feednation
628-52-5769,Alice,Pierce,apierce63@ihg.com,Female,Trudeo
126-53-5617,Jose,Johnson,jjohnson64@netlog.com,Male,Npath
300-64-8646,Eugene,Larson,elarson65@wsj.com,Male,Thoughtbridge
286-23-5666,Ann,Cruz,acruz66@berkeley.edu,Female,Ainyx
503-58-2486,Kathleen,Boyd,kboyd67@vimeo.com,Female,Buzzshare
424-76-8346,Douglas,King,dking68@illinois.edu,Male,Jaxbean
910-32-6047,Todd,Little,tlittle69@forbes.com,Male,Cogibox
348-84-5222,Roger,Hunter,rhunter6a@goo.gl,Male,Buzzbean
335-43-5667,Kimberly,Ortiz,kortiz6b@state.tx.us,Female,Gabvine
868-34-7161,Willie,Brown,wbrown6c@ucsd.edu,Male,Trilia
300-18-0571,Karen,Fisher,kfisher6d@unicef.org,Female,Avaveo
777-32-9625,Adam,Roberts,aroberts6e@networksolutions.com,Male,Babbleblab
257-92-8682,Lawrence,Patterson,lpatterson6f@va.gov,Male,Snaptags
383-87-5396,Paul,Lewis,plewis6g@cnet.com,Male,Skinix
129-18-9838,Michelle,Hansen,mhansen6h@nymag.com,Female,Katz
401-98-3585,Craig,Burns,cburns6i@ow.ly,Male,Fivespan
887-03-2145,Frank,Rice,frice6j@home.pl,Male,Browsedrive
669-51-0638,Teresa,Cox,tcox6k@comcast.net,Female,Kare
835-18-8109,Teresa,Peterson,tpeterson6l@shop-pro.jp,Female,Flashset
433-92-2527,Shirley,Riley,sriley6m@msn.com,Female,Dynazzy
601-39-1262,Wanda,Jenkins,wjenkins6n@facebook.com,Female,Camido
957-82-6526,Helen,Gonzales,hgonzales6o@disqus.com,Female,Photojam
519-59-2617,Matthew,Burke,mburke6p@nps.gov,Male,Ainyx
124-02-7414,Brian,Gutierrez,bgutierrez6q@upenn.edu,Male,Thoughtstorm
558-04-5563,Billy,Romero,bromero6r@seesaa.net,Male,Agivu
431-02-5118,Michelle,Lawson,mlawson6s@paypal.com,Female,Fivebridge
262-35-5288,Lori,Powell,lpowell6t@a8.net,Female,Meedoo
883-77-6058,Jeremy,Harrison,jharrison6u@scientificamerican.com,Male,Wikizz
553-90-7553,Christina,Hughes,chughes6v@ihg.com,Female,Roomm
652-46-3381,Ruth,Tucker,rtucker6w@state.gov,Female,Lazz
375-28-8963,Alice,Anderson,aanderson6x@china.com.cn,Female,Feedfish
343-92-3781,Ruth,Ford,rford6y@xing.com,Female,Einti
192-00-9041,Linda,Hanson,lhanson6z@marketwatch.com,Female,Twiyo
194-16-8869,Mildred,Gibson,mgibson70@xinhuanet.com,Female,Browsecat
495-44-0362,Julie,Ramirez,jramirez71@engadget.com,Female,Dabjam
941-58-2121,Jimmy,Mason,jmason72@skype.com,Male,Linklinks
164-10-9594,Jeremy,Henderson,jhenderson73@clickbank.net,Male,Pixonyx
380-66-1320,Albert,Black,ablack74@networksolutions.com,Male,Yoveo
100-17-1942,Sean,Sims,ssims75@yahoo.com,Male,Jabbersphere
919-03-6434,Ryan,Wright,rwright76@networkadvertising.org,Male,Jatri
803-93-6467,Bobby,Marshall,bmarshall77@cloudflare.com,Male,Flashset
434-96-2442,Christina,Nelson,cnelson78@icio.us,Female,Gigashots
479-50-4095,Craig,Dean,cdean79@lulu.com,Male,Meemm
121-12-6548,Bonnie,Hunt,bhunt7a@ihg.com,Female,Shuffletag
655-92-7328,Evelyn,Nelson,enelson7b@spiegel.de,Female,Brightbean
279-88-6005,Earl,Collins,ecollins7c@census.gov,Male,Divanoodle
831-69-9923,Barbara,Nichols,bnichols7d@cnbc.com,Female,Gabvine
363-06-4027,Helen,Torres,htorres7e@scribd.com,Female,Katz
165-89-9751,Larry,Hanson,lhanson7f@ycombinator.com,Male,Zoonder
197-96-5560,Jason,Johnston,jjohnston7g@com.com,Male,Agimba
883-85-6006,Diana,Ford,dford7h@netscape.com,Female,Eire
454-12-7428,Joseph,Stevens,jstevens7i@about.com,Male,Voolia
446-09-2259,Mildred,Lynch,mlynch7j@hibu.com,Female,Thoughtbridge
896-53-2944,Christine,Chavez,cchavez7k@intel.com,Female,Zoombox
999-51-9243,Cheryl,Hunt,chunt7l@vimeo.com,Female,Skidoo
396-51-9262,Robert,Garrett,rgarrett7m@furl.net,Male,Tekfly
447-03-3116,Tammy,Woods,twoods7n@jigsy.com,Female,Eimbee
396-80-8914,Lisa,Rice,lrice7o@live.com,Female,Avaveo
889-77-9371,Jesse,Berry,jberry7p@parallels.com,Male,Brainlounge
453-08-4530,Wanda,Torres,wtorres7q@scribd.com,Female,Wordtune
507-74-0838,James,Burns,jburns7r@storify.com,Male,Minyx
754-89-1422,Robin,Dean,rdean7s@merriam-webster.com,Female,Zoomlounge
765-69-7565,Jacqueline,Howard,jhoward7t@upenn.edu,Female,Reallinks
684-45-0928,Lillian,Hernandez,lhernandez7u@gravatar.com,Female,Cogidoo
915-22-5043,Eugene,Mitchell,emitchell7v@sitemeter.com,Male,Linkbuzz
362-16-5916,Jean,Johnson,jjohnson7w@ed.gov,Female,Browsezoom
568-78-0978,Anthony,Knight,aknight7x@baidu.com,Male,Snaptags
368-96-9997,Raymond,Duncan,rduncan7y@discovery.com,Male,Digitube
503-02-7426,Janice,Carter,jcarter7z@si.edu,Female,Thoughtworks
557-20-3244,William,Stevens,wstevens80@apache.org,Male,Zoombox
688-39-0158,Theresa,Diaz,tdiaz81@ebay.com,Female,Yozio
168-69-7467,David,Bailey,dbailey82@harvard.edu,Male,Trilia
602-24-5413,Phyllis,Garza,pgarza83@aboutads.info,Female,Devify
292-94-9885,Carol,Martinez,cmartinez84@sciencedaily.com,Female,Skipstorm
815-50-8414,Judy,Dixon,jdixon85@photobucket.com,Female,Brightdog
540-82-2656,Cynthia,Hernandez,chernandez86@miibeian.gov.cn,Female,Demivee
882-91-1820,Matthew,Wallace,mwallace87@trellian.com,Male,Miboo
803-65-0075,Helen,Banks,hbanks88@nytimes.com,Female,Jayo
913-89-1148,Chris,Ortiz,cortiz89@ftc.gov,Male,Meevee
958-93-7473,Stephen,Nguyen,snguyen8a@house.gov,Male,Digitube
618-09-4281,Shirley,Mcdonald,smcdonald8b@typepad.com,Female,Zoomdog
355-98-0936,Rose,Mitchell,rmitchell8c@cpanel.net,Female,Tavu
480-19-6990,Barbara,Cunningham,bcunningham8d@uol.com.br,Female,Cogilith
940-87-2501,Fred,Arnold,farnold8e@digg.com,Male,Skyba
626-85-7977,Brandon,Cooper,bcooper8f@fda.gov,Male,Abatz
110-26-7493,Andrea,Riley,ariley8g@seattletimes.com,Female,Gabspot
369-49-5438,Deborah,Simpson,dsimpson8h@hud.gov,Female,Camimbo
989-59-5507,Randy,Tucker,rtucker8i@qq.com,Male,Katz
534-18-6806,Doris,Mason,dmason8j@biglobe.ne.jp,Female,Ailane
588-40-1367,Ronald,Taylor,rtaylor8k@technorati.com,Male,Camido
408-38-2948,Anne,Rodriguez,arodriguez8l@canalblog.com,Female,Voolia
273-09-5491,Harry,Fields,hfields8m@dropbox.com,Male,Trudoo
979-93-9616,Joshua,Dunn,jdunn8n@blogs.com,Male,Thoughtworks
152-43-8948,Amanda,Hill,ahill8o@theglobeandmail.com,Female,Kazio
999-33-0597,John,Kim,jkim8p@e-recht24.de,Male,Jaloo
118-79-5398,Sarah,Larson,slarson8q@altervista.org,Female,Eare
101-08-6588,Wanda,Kelly,wkelly8r@disqus.com,Female,Thoughtsphere
620-22-9046,Jason,Cruz,jcruz8s@icq.com,Male,Kwimbee
383-39-4216,Arthur,Ramos,aramos8t@etsy.com,Male,Mynte
450-12-7170,Carolyn,Gonzales,cgonzales8u@dailymail.co.uk,Female,Mydeo
638-14-8433,Wayne,Daniels,wdaniels8v@t-online.de,Male,Flipstorm
719-24-0162,Gerald,Powell,gpowell8w@moonfruit.com,Male,Dablist
671-52-4244,Matthew,Stewart,mstewart8x@youtu.be,Male,Skimia
350-88-7561,Charles,Gibson,cgibson8y@mapquest.com,Male,Realfire
162-25-4942,Diane,Porter,dporter8z@intel.com,Female,Yakijo
271-21-3236,Susan,Myers,smyers90@com.com,Female,Latz
339-82-4569,Todd,Barnes,tbarnes91@samsung.com,Male,Thoughtbeat
441-47-3064,Amy,Welch,awelch92@addtoany.com,Female,Pixope
158-70-0068,Sharon,Wallace,swallace93@hexun.com,Female,Buzzshare
873-19-6940,Ralph,Henderson,rhenderson94@spotify.com,Male,Aivee
267-31-6335,Harry,Chavez,hchavez95@histats.com,Male,Pixoboo
124-41-7445,Kathryn,Phillips,kphillips96@freewebs.com,Female,Wikibox
753-85-0682,Ronald,Willis,rwillis97@nbcnews.com,Male,Trilith
447-05-7318,Lillian,Thompson,lthompson98@canalblog.com,Female,Janyx
281-34-2850,Howard,Garcia,hgarcia99@va.gov,Male,Yadel
188-87-0843,Norma,Perry,nperry9a@forbes.com,Female,Yakitri
594-44-7966,Carl,Grant,cgrant9b@alibaba.com,Male,Dynava
489-42-7833,Gloria,Morris,gmorris9c@php.net,Female,Meedoo
976-81-4944,Jason,George,jgeorge9d@netscape.com,Male,Flashset
466-47-2329,Billy,Mitchell,bmitchell9e@ucla.edu,Male,Riffpedia
145-68-9235,Lois,Anderson,landerson9f@histats.com,Female,Zava
748-87-8011,Maria,Allen,mallen9g@mayoclinic.com,Female,Voolia
863-19-0864,Beverly,Turner,bturner9h@wikipedia.org,Female,Tagcat
352-73-3388,Sharon,Hayes,shayes9i@people.com.cn,Female,Quinu
740-21-8829,Ernest,Gordon,egordon9j@reuters.com,Male,Quire
211-01-9065,Dorothy,Grant,dgrant9k@wired.com,Female,Zooveo
203-38-9097,Christopher,Nelson,cnelson9l@blog.com,Male,Mymm
780-48-4234,Barbara,Stanley,bstanley9m@wired.com,Female,Fatz
542-25-5761,Eric,Larson,elarson9n@qq.com,Male,Jabbertype
433-80-9245,Jesse,Shaw,jshaw9o@bing.com,Male,Blogtags
570-49-6879,Jesse,Cruz,jcruz9p@yellowpages.com,Male,Kaymbo
787-76-5223,Julie,Hunt,jhunt9q@nydailynews.com,Female,Livepath
623-34-6798,Antonio,Woods,awoods9r@ovh.net,Male,Rhyzio
704-76-8670,Judith,Reed,jreed9s@hp.com,Female,Brightbean
784-39-3544,Steven,Carroll,scarroll9t@parallels.com,Male,Podcat
780-82-2877,Deborah,Watkins,dwatkins9u@free.fr,Female,Tagpad
472-35-8506,Sarah,Rogers,srogers9v@wufoo.com,Female,Jaxnation
289-93-4939,Virginia,Weaver,vweaver9w@yale.edu,Female,Realpoint
529-29-4019,Ann,Mccoy,amccoy9x@devhub.com,Female,Topdrive
126-20-6428,Gerald,James,gjames9y@networksolutions.com,Male,Mynte
771-06-2504,Steven,Mccoy,smccoy9z@princeton.edu,Male,Vidoo
143-98-5581,Ashley,Stephens,astephensa0@jimdo.com,Female,Realfire
199-41-2305,Todd,Hudson,thudsona1@mediafire.com,Male,Devshare
861-70-5542,Katherine,Romero,kromeroa2@zimbio.com,Female,Snaptags
592-79-8792,Nicholas,Adams,nadamsa3@globo.com,Male,Browsetype
838-12-5587,Russell,Hall,rhalla4@blogspot.com,Male,Mydeo
441-40-6726,John,Brooks,jbrooksa5@ehow.com,Male,Browsebug
106-53-4759,Ryan,Daniels,rdanielsa6@artisteer.com,Male,Vinte
178-70-7885,Donna,Clark,dclarka7@zimbio.com,Female,Dabshots
543-43-3532,Angela,Dean,adeana8@constantcontact.com,Female,Eabox
546-43-0937,Bruce,Frazier,bfraziera9@washingtonpost.com,Male,Skaboo
611-76-2962,Debra,Ferguson,dfergusonaa@sina.com.cn,Female,Skimia
769-76-4235,Louis,Russell,lrussellab@jigsy.com,Male,Quimba
132-31-9870,Gloria,Day,gdayac@eventbrite.com,Female,Youtags
978-23-6750,Randy,Olson,rolsonad@patch.com,Male,Zoomzone
716-55-9181,Joshua,Fowler,jfowlerae@ox.ac.uk,Male,Myworks
644-10-2593,Fred,Larson,flarsonaf@narod.ru,Male,Mybuzz
441-50-0565,Amanda,Ryan,aryanag@blog.com,Female,Tazzy
835-66-6337,Jack,Graham,jgrahamah@theglobeandmail.com,Male,Tagfeed
337-18-5814,Steven,Ford,sfordai@mit.edu,Male,Linktype
646-23-1685,William,Gonzalez,wgonzalezaj@oaic.gov.au,Male,Thoughtbridge
872-35-2874,Karen,Barnes,kbarnesak@state.gov,Female,Trilia
286-28-1975,Norma,Weaver,nweaveral@topsy.com,Female,Quaxo
571-31-5305,George,Morris,gmorrisam@nhs.uk,Male,Twitterbeat
371-33-8664,Brenda,Gordon,bgordonan@examiner.com,Female,Realblab
474-09-5455,Maria,Thompson,mthompsonao@businesswire.com,Female,Shuffledrive
365-00-6849,Marie,Roberts,mrobertsap@163.com,Female,Skinix
411-04-0346,Sandra,Stephens,sstephensaq@flickr.com,Female,Skibox
883-73-4995,Marilyn,Medina,mmedinaar@symantec.com,Female,Eare
629-16-0159,Eugene,Hicks,ehicksas@senate.gov,Male,Aibox
901-99-9672,Lillian,Jacobs,ljacobsat@mashable.com,Female,Gigaclub
926-52-3215,Sara,Olson,solsonau@redcross.org,Female,Skidoo
396-85-4757,Peter,Cruz,pcruzav@cbsnews.com,Male,Yabox
107-35-1701,Donna,George,dgeorgeaw@dailymotion.com,Female,Roomm
821-28-5290,Steven,Larson,slarsonax@nhs.uk,Male,Twitternation
915-99-9790,Arthur,Hayes,ahayesay@squarespace.com,Male,Yotz
939-94-1717,Carlos,Williamson,cwilliamsonaz@godaddy.com,Male,Skinix
930-22-1830,Karen,Weaver,kweaverb0@pagesperso-orange.fr,Female,Roombo
931-74-8038,Sandra,Hicks,shicksb1@friendfeed.com,Female,Kwimbee
111-03-3675,Larry,Freeman,lfreemanb2@cbslocal.com,Male,Oodoo
432-01-7160,Lisa,Adams,ladamsb3@cafepress.com,Female,Thoughtbeat
418-50-1822,Janet,Ramirez,jramirezb4@livejournal.com,Female,Shuffledrive
406-23-5092,Marie,Fuller,mfullerb5@hugedomains.com,Female,DabZ
622-12-4123,Marilyn,Edwards,medwardsb6@go.com,Female,Yacero
896-79-4914,Terry,Miller,tmillerb7@slate.com,Male,Oodoo
724-16-7488,Andrew,Hayes,ahayesb8@smugmug.com,Male,Topicware
592-38-5777,Marilyn,Fernandez,mfernandezb9@dot.gov,Female,Brightbean
199-03-4097,Nancy,Gordon,ngordonba@people.com.cn,Female,Zoomzone
630-06-0133,Mildred,Miller,mmillerbb@comcast.net,Female,Tazz
998-96-2948,Sharon,Kennedy,skennedybc@drupal.org,Female,Devpulse
864-45-3490,Pamela,Nguyen,pnguyenbd@japanpost.jp,Female,Twimbo
608-52-7080,Elizabeth,Arnold,earnoldbe@wisc.edu,Female,Eare
979-91-8586,Martha,Sims,msimsbf@naver.com,Female,Chatterbridge
640-51-6428,Judith,Knight,jknightbg@umn.edu,Female,Twinder
106-68-5340,Wayne,Murphy,wmurphybh@telegraph.co.uk,Male,Youtags
172-81-3192,Joan,Nichols,jnicholsbi@de.vu,Female,Pixoboo
730-53-7553,Anna,Stone,astonebj@people.com.cn,Female,Minyx
409-19-1445,Cheryl,Myers,cmyersbk@constantcontact.com,Female,Agivu
682-97-8620,Carol,Kelley,ckelleybl@cloudflare.com,Female,Feednation
510-10-1376,Shawn,Kim,skimbm@slashdot.org,Male,Jayo
110-18-5592,Todd,Wheeler,twheelerbn@bbc.co.uk,Male,Meejo
411-92-0648,Lois,Freeman,lfreemanbo@bloglines.com,Female,Topicware
813-58-1703,Brenda,Lane,blanebp@businessweek.com,Female,Divanoodle
437-44-1174,Tina,Robertson,trobertsonbq@1und1.de,Female,Zoonoodle
656-77-8881,Jane,Martin,jmartinbr@marketwatch.com,Female,Thoughtbridge
566-42-8472,Thomas,Austin,taustinbs@bbc.co.uk,Male,Browsecat
162-92-8976,Peter,Nelson,pnelsonbt@ning.com,Male,Ooba
703-51-0233,Anthony,Young,ayoungbu@forbes.com,Male,Wordify
142-93-5101,Bobby,Owens,bowensbv@va.gov,Male,Aimbo
887-94-1442,Joan,Williamson,jwilliamsonbw@pagesperso-orange.fr,Female,Fivechat
732-98-1800,Tina,Cole,tcolebx@printfriendly.com,Female,Dabshots
931-56-6253,Emily,Bishop,ebishopby@multiply.com,Female,Aimbu
999-23-0523,William,Perry,wperrybz@home.pl,Male,JumpXS
250-34-0548,Louis,Ross,lrossc0@seesaa.net,Male,Livepath
389-93-9428,Margaret,Fisher,mfisherc1@prnewswire.com,Female,Zoovu
675-01-9444,Sarah,Palmer,spalmerc2@linkedin.com,Female,Quatz
782-94-1036,Timothy,Peters,tpetersc3@unblog.fr,Male,Shufflester
432-68-1862,Brian,Daniels,bdanielsc4@examiner.com,Male,Thoughtstorm
562-62-9244,Carl,Jacobs,cjacobsc5@digg.com,Male,Fatz
607-12-4057,Alan,Griffin,agriffinc6@bravesites.com,Male,Skippad
916-04-7466,Peter,Harrison,pharrisonc7@mashable.com,Male,Yabox
239-48-4348,Edward,Mills,emillsc8@eepurl.com,Male,Buzzster
520-89-2444,Eric,West,ewestc9@photobucket.com,Male,Topiczoom
125-50-8063,Joseph,Wood,jwoodca@sun.com,Male,Meeveo
814-35-7917,Janice,Davis,jdaviscb@goo.gl,Female,Mynte
771-34-3838,Patrick,Roberts,probertscc@bigcartel.com,Male,Twitterlist
116-27-3749,Louis,Turner,lturnercd@facebook.com,Male,Twimbo
374-81-7451,Ann,Coleman,acolemance@gravatar.com,Female,Demizz
204-45-6002,Virginia,Lewis,vlewiscf@hp.com,Female,Myworks
873-20-7998,Jacqueline,Bell,jbellcg@seattletimes.com,Female,Leenti
216-60-2619,Harry,Gray,hgraych@wired.com,Male,Tazz
935-94-7903,Jesse,Fox,jfoxci@deviantart.com,Male,Topdrive
920-48-4405,Rose,Hansen,rhansencj@squidoo.com,Female,Feednation
529-39-0619,Lillian,Ruiz,lruizck@disqus.com,Female,Miboo
664-33-3556,Andrea,King,akingcl@alexa.com,Female,Skyble
248-77-8366,Jonathan,Perry,jperrycm@linkedin.com,Male,Shufflester
123-46-3550,Helen,Crawford,hcrawfordcn@springer.com,Female,Quinu
361-87-4915,Joe,Black,jblackco@samsung.com,Male,Aimbu
654-06-2028,Judith,Vasquez,jvasquezcp@admin.ch,Female,Yambee
605-63-6866,Larry,Carroll,lcarrollcq@nps.gov,Male,Divape
253-07-6033,Gerald,Smith,gsmithcr@g.co,Male,Skalith
487-14-7292,Nicole,Hawkins,nhawkinscs@eepurl.com,Female,Quaxo
358-40-1008,Stephen,Lewis,slewisct@un.org,Male,Linklinks
164-70-0730,Irene,Robertson,irobertsoncu@cam.ac.uk,Female,Twitterlist
512-29-0403,Kathy,Rogers,krogerscv@usnews.com,Female,Yombu
117-25-0706,Charles,Wagner,cwagnercw@flavors.me,Male,Photobug
355-26-9231,James,Welch,jwelchcx@illinois.edu,Male,Realbuzz
835-64-9128,Amanda,Perry,aperrycy@google.pl,Female,Dablist
829-07-4148,Roger,Howard,rhowardcz@ox.ac.uk,Male,Vitz
471-81-0040,Jesse,Howard,jhowardd0@google.es,Male,Yozio
696-55-4357,Carl,Richards,crichardsd1@cornell.edu,Male,Mydeo
997-35-9047,Alice,Meyer,ameyerd2@edublogs.org,Female,Yodoo
711-56-1156,Linda,Henderson,lhendersond3@microsoft.com,Female,Livetube
519-26-1696,Margaret,Murray,mmurrayd4@blogs.com,Female,Twinder
681-47-1393,Dorothy,Fuller,dfullerd5@dailymail.co.uk,Female,Zoomlounge
441-82-3578,Andrew,Bowman,abowmand6@springer.com,Male,Jabberstorm
963-09-2217,Lisa,Patterson,lpattersond7@biglobe.ne.jp,Female,Thoughtstorm
874-64-4460,Brian,Robinson,brobinsond8@sohu.com,Male,Wikido
584-89-8153,Paul,Kim,pkimd9@weibo.com,Male,Katz
403-33-1346,Joseph,Chapman,jchapmanda@google.ru,Male,Flashspan
412-20-1356,Kelly,Riley,krileydb@webmd.com,Female,Dynabox
992-76-9897,Marilyn,Watson,mwatsondc@nps.gov,Female,Kaymbo
699-16-6353,James,Kelley,jkelleydd@free.fr,Male,Kwinu
750-40-3132,Diana,Welch,dwelchde@feedburner.com,Female,Avavee
954-76-7536,Cynthia,Arnold,carnolddf@gmpg.org,Female,Yozio
274-73-2716,Jose,Reyes,jreyesdg@nsw.gov.au,Male,Oyoloo
591-37-4270,Ruth,Garza,rgarzadh@hexun.com,Female,Roodel
152-80-5306,Pamela,Fuller,pfullerdi@spotify.com,Female,Edgeclub
141-66-0935,Chris,Carr,ccarrdj@forbes.com,Male,Rooxo
105-24-3206,Eugene,Russell,erusselldk@kickstarter.com,Male,Flipopia
619-23-1109,Justin,Richardson,jrichardsondl@cdbaby.com,Male,Topicware
188-44-4465,Wayne,Crawford,wcrawforddm@amazon.de,Male,Zazio
912-75-9164,Lawrence,Carroll,lcarrolldn@wiley.com,Male,Camido
456-50-0698,Kathy,Rice,kricedo@pagesperso-orange.fr,Female,Muxo
276-55-6788,Timothy,Green,tgreendp@bravesites.com,Male,Camido
355-82-7048,Edward,Larson,elarsondq@si.edu,Male,Innojam
973-68-3227,Andrea,Riley,arileydr@cargocollective.com,Female,Brainsphere
967-41-1633,Nicholas,Russell,nrussellds@newyorker.com,Male,Skibox
156-66-9550,Jean,Hunt,jhuntdt@skyrock.com,Female,Mydeo
251-98-6087,Antonio,Simpson,asimpsondu@instagram.com,Male,Brainlounge
535-61-5669,Paul,Lynch,plynchdv@unc.edu,Male,Twinder
758-49-3883,Gary,Cook,gcookdw@youku.com,Male,Photobug
163-68-1014,Gary,Fox,gfoxdx@alexa.com,Male,Youspan
148-09-9060,Billy,Palmer,bpalmerdy@hatena.ne.jp,Male,Realmix
311-72-6814,Martin,Boyd,mboyddz@webeden.co.uk,Male,Bubbletube
184-01-3218,Roy,Lane,rlanee0@fda.gov,Male,Eimbee
588-89-1615,Thomas,Webb,twebbe1@shareasale.com,Male,Cogibox
920-20-2564,Judith,Hamilton,jhamiltone2@storify.com,Female,Aimbo
949-19-6122,Justin,Nichols,jnicholse3@gov.uk,Male,Brainverse
780-87-2831,Elizabeth,Vasquez,evasqueze4@lycos.com,Female,Voolith
342-75-4687,Kathy,Smith,ksmithe5@google.de,Female,Realcube
151-98-9653,Tammy,Jacobs,tjacobse6@latimes.com,Female,Yoveo
683-71-2451,Chris,Carter,ccartere7@gmpg.org,Male,Jaxworks
906-91-8149,Bobby,Murray,bmurraye8@csmonitor.com,Male,Fivechat
320-17-0960,Nicole,Johnson,njohnsone9@diigo.com,Female,Yabox
398-63-0430,Heather,Simpson,hsimpsonea@disqus.com,Female,Brainsphere
639-73-2393,Brian,Castillo,bcastilloeb@marriott.com,Male,Yodoo
755-53-4156,David,Duncan,dduncanec@gravatar.com,Male,Realbridge
744-38-3453,Nicholas,Simpson,nsimpsoned@nifty.com,Male,Voomm
469-63-8929,Terry,Garcia,tgarciaee@netscape.com,Male,Yombu
656-23-8510,Frank,Hamilton,fhamiltonef@fema.gov,Male,Trupe
366-08-7856,Norma,Robinson,nrobinsoneg@bloomberg.com,Female,Kimia
181-63-7187,Victor,Perez,vperezeh@technorati.com,Male,Kimia
783-48-6361,William,Garrett,wgarrettei@nasa.gov,Male,Jaxnation
250-25-4071,Susan,Morales,smoralesej@state.gov,Female,Lazz
807-63-1117,Patrick,Fuller,pfullerek@vimeo.com,Male,Layo
168-92-8723,Kathryn,Kelly,kkellyel@shinystat.com,Female,Dabfeed
332-36-3943,Marie,Johnston,mjohnstonem@blogger.com,Female,Dynazzy
198-40-6542,Eric,Brown,ebrownen@samsung.com,Male,Quaxo
198-31-4568,Raymond,Reyes,rreyeseo@ucla.edu,Male,Podcat
515-64-1366,Shawn,Shaw,sshawep@hostgator.com,Male,Flipstorm
424-72-2426,Heather,Dixon,hdixoneq@spotify.com,Female,Gabvine
157-62-3815,Carol,Peters,cpeterser@google.com,Female,Kwideo
645-66-5945,Theresa,Frazier,tfrazieres@springer.com,Female,Mybuzz
707-29-6204,Shawn,Schmidt,sschmidtet@mashable.com,Male,Wikizz
774-76-5099,Nancy,Stone,nstoneeu@theatlantic.com,Female,Riffpedia
661-64-8029,Emily,Arnold,earnoldev@acquirethisname.com,Female,Dablist
545-54-3684,Earl,Nguyen,enguyenew@desdev.cn,Male,Demimbu
712-70-7039,Ann,Peterson,apetersonex@apple.com,Female,Kazu
799-78-2073,Debra,Russell,drusselley@ucla.edu,Female,Latz
685-42-5002,Ronald,Jenkins,rjenkinsez@sohu.com,Male,Skajo
117-10-8859,Louise,Alexander,lalexanderf0@netlog.com,Female,Demivee
591-24-7468,Janet,Smith,jsmithf1@google.co.uk,Female,Browsetype
105-37-3565,Debra,Burke,dburkef2@webnode.com,Female,Quire
553-44-1807,Carl,Grant,cgrantf3@trellian.com,Male,Linkbridge
104-27-2141,Billy,Robertson,brobertsonf4@google.nl,Male,Devify
610-06-3058,Alan,Bryant,abryantf5@flavors.me,Male,JumpXS
702-27-9102,Sara,Mitchell,smitchellf6@ca.gov,Female,Brainverse
685-34-7169,Julia,Gutierrez,jgutierrezf7@usgs.gov,Female,Skinder
477-22-8098,Paul,Carr,pcarrf8@businessinsider.com,Male,Gabtype
824-02-7682,Wayne,Black,wblackf9@addthis.com,Male,Blognation
118-52-9324,Jesse,Boyd,jboydfa@cocolog-nifty.com,Male,Realmix
652-42-5416,Emily,Chavez,echavezfb@spotify.com,Female,Mita
498-66-1983,Irene,Kennedy,ikennedyfc@friendfeed.com,Female,Photobean
611-15-8183,Phillip,Russell,prussellfd@blogtalkradio.com,Male,Tazz
632-54-8147,Judy,Gonzalez,jgonzalezfe@reuters.com,Female,Wordify
686-88-8452,Karen,Wood,kwoodff@fastcompany.com,Female,Kwilith
449-28-6520,Eric,Payne,epaynefg@si.edu,Male,Teklist
483-98-7493,Phyllis,Hudson,phudsonfh@google.de,Female,Skiba
848-61-7797,Edward,Kennedy,ekennedyfi@freewebs.com,Male,Wordtune
991-92-8073,Larry,Porter,lporterfj@is.gd,Male,Zoomzone
338-12-5111,Gerald,Harris,gharrisfk@vk.com,Male,Eidel
497-56-1360,Sandra,Rice,sricefl@census.gov,Female,Flashpoint
530-62-3997,Billy,Greene,bgreenefm@theglobeandmail.com,Male,Brightdog
168-74-6268,Marilyn,Stone,mstonefn@hatena.ne.jp,Female,Pixope
576-55-1637,Sara,Thomas,sthomasfo@globo.com,Female,Edgeblab
679-47-4398,Laura,Ferguson,lfergusonfp@answers.com,Female,Quinu
996-62-0969,Juan,Lawrence,jlawrencefq@stanford.edu,Male,Innojam
932-77-0840,Jesse,Martin,jmartinfr@dot.gov,Male,Photobean
812-60-5914,Lori,Evans,levansfs@who.int,Female,Fiveclub
386-55-8125,Donald,Bryant,dbryantft@histats.com,Male,Kanoodle
356-07-6425,Matthew,Lawson,mlawsonfu@trellian.com,Male,Realbuzz
748-61-5769,Rachel,Armstrong,rarmstrongfv@wunderground.com,Female,Realpoint
735-76-3048,Kenneth,Morales,kmoralesfw@cnn.com,Male,Voonder
959-76-2612,Shirley,Rose,srosefx@wikispaces.com,Female,Jabberbean
915-71-3626,Jessica,Snyder,jsnyderfy@jimdo.com,Female,Brainlounge
340-00-3728,Roger,Torres,rtorresfz@japanpost.jp,Male,Skinte
519-06-1030,Patricia,Richards,prichardsg0@alibaba.com,Female,Yata
470-16-6040,Teresa,Rose,troseg1@seesaa.net,Female,Devpulse
559-99-3641,Mary,Burke,mburkeg2@taobao.com,Female,Youfeed
554-33-7711,Carol,Perez,cperezg3@hud.gov,Female,Jabberstorm
946-66-3423,Sandra,Bowman,sbowmang4@comcast.net,Female,Avamba
343-91-8394,Earl,Long,elongg5@usatoday.com,Male,Skivee
226-69-8233,Teresa,Bowman,tbowmang6@wordpress.com,Female,Skyvu
780-10-9191,Jeremy,Russell,jrussellg7@usa.gov,Male,Demivee
491-73-0958,Sarah,Murphy,smurphyg8@hugedomains.com,Female,Skipfire
202-97-4667,Sara,Gonzalez,sgonzalezg9@smh.com.au,Female,Youopia
333-69-6500,Beverly,Lane,blanega@hubpages.com,Female,Avamm
663-63-1901,Joyce,Coleman,jcolemangb@wiley.com,Female,Roombo
476-99-2785,Peter,Hunter,phuntergc@bloomberg.com,Male,Meedoo
265-72-9412,Louis,Hall,lhallgd@ameblo.jp,Male,Meemm
529-68-2906,Steven,Moreno,smorenoge@howstuffworks.com,Male,Podcat
775-84-3391,Pamela,Welch,pwelchgf@usa.gov,Female,Eire
255-76-7789,Wanda,Grant,wgrantgg@odnoklassniki.ru,Female,Youopia
103-45-0273,Heather,Diaz,hdiazgh@ucsd.edu,Female,Voonyx
433-87-0871,Ryan,Kelley,rkelleygi@scribd.com,Male,Gigazoom
365-42-1010,Janet,Ross,jrossgj@stanford.edu,Female,Pixonyx
408-47-7732,Victor,Myers,vmyersgk@house.gov,Male,Topicshots
356-23-8821,Julia,Martinez,jmartinezgl@ftc.gov,Female,Dabshots
976-56-7594,Amy,Sanders,asandersgm@themeforest.net,Female,Tambee
882-22-0474,Joshua,Schmidt,jschmidtgn@google.nl,Male,Mynte
390-16-3744,Aaron,Perez,aperezgo@g.co,Male,Quinu
913-13-4538,Joshua,Gibson,jgibsongp@mlb.com,Male,Rhycero
153-45-6566,Teresa,Jenkins,tjenkinsgq@technorati.com,Female,Vinder
770-25-4585,Amanda,Howard,ahowardgr@fotki.com,Female,Flashspan
450-10-7398,Debra,Parker,dparkergs@typepad.com,Female,Wikibox
662-45-1699,Stephen,Garza,sgarzagt@pinterest.com,Male,Blognation
137-55-7639,Pamela,Powell,ppowellgu@nytimes.com,Female,Rhycero
321-65-9747,Beverly,Duncan,bduncangv@people.com.cn,Female,Youbridge
460-90-4203,Kimberly,Stewart,kstewartgw@bing.com,Female,Tagopia
774-62-5759,Elizabeth,Howell,ehowellgx@soup.io,Female,Tambee
156-73-9219,Ryan,Rivera,rriveragy@walmart.com,Male,DabZ
284-53-5143,Carolyn,Bishop,cbishopgz@tamu.edu,Female,Rhynyx
208-98-4744,Kevin,Myers,kmyersh0@java.com,Male,LiveZ
697-10-7964,Kimberly,Oliver,koliverh1@nymag.com,Female,Devcast
243-74-5962,Keith,Foster,kfosterh2@shutterfly.com,Male,Linkbridge
542-17-7717,Diana,Hughes,dhughesh3@spotify.com,Female,Zooxo
483-52-7117,Bonnie,Sullivan,bsullivanh4@cmu.edu,Female,Topicware
506-40-5488,Terry,Pierce,tpierceh5@techcrunch.com,Male,Browsetype
220-18-9628,Kenneth,Peterson,kpetersonh6@shutterfly.com,Male,Jabbersphere
567-19-5956,Tina,Webb,twebbh7@edublogs.org,Female,Tavu
569-22-4295,Sarah,Daniels,sdanielsh8@cnet.com,Female,Skinix
527-11-5516,Gregory,Armstrong,garmstrongh9@about.me,Male,Twitterlist
874-30-9911,Arthur,Evans,aevansha@yandex.ru,Male,Camido
197-83-2739,Sandra,Garrett,sgarretthb@e-recht24.de,Female,Avamba
686-69-8297,Marilyn,Lane,mlanehc@ucla.edu,Female,Babbleset
374-01-7322,Julie,Morrison,jmorrisonhd@wisc.edu,Female,Meevee
492-85-9444,Andrea,Garrett,agarretthe@tmall.com,Female,Topicstorm
259-02-2330,Andrea,Williams,awilliamshf@bloglovin.com,Female,Wikivu
913-40-9424,Jane,Matthews,jmatthewshg@mlb.com,Female,Skyba
497-68-2594,Denise,Perkins,dperkinshh@economist.com,Female,Bluezoom
557-27-1254,Jean,White,jwhitehi@mapy.cz,Female,Fatz
447-97-3186,Gary,Richards,grichardshj@istockphoto.com,Male,Photobug
638-02-0715,Randy,Kelly,rkellyhk@stumbleupon.com,Male,Kazio
721-71-1510,Clarence,Gilbert,cgilberthl@omniture.com,Male,Meeveo
429-94-9927,Anne,Lane,alanehm@blogtalkradio.com,Female,Feedfire
512-83-7109,Charles,Hawkins,chawkinshn@ow.ly,Male,Quatz
223-76-3723,Jacqueline,Lawrence,jlawrenceho@nymag.com,Female,Skivee
541-68-3185,Scott,Thomas,sthomashp@hc360.com,Male,Devpoint
662-30-2544,Tammy,Howard,thowardhq@aol.com,Female,Browsecat
812-81-4824,Jacqueline,Ford,jfordhr@nasa.gov,Female,Brainverse
774-74-9018,Jack,Payne,jpaynehs@shutterfly.com,Male,Eimbee
105-60-3580,Joyce,Torres,jtorresht@hud.gov,Female,Skipstorm
380-39-9652,Stephen,Barnes,sbarneshu@list-manage.com,Male,Babbleblab
956-56-5728,Harold,Burns,hburnshv@goodreads.com,Male,Brainverse
891-49-0380,Rebecca,Nelson,rnelsonhw@drupal.org,Female,Topiclounge
826-83-9503,Anne,Wells,awellshx@columbia.edu,Female,Leexo
831-03-9190,Gary,Fowler,gfowlerhy@npr.org,Male,Geba
745-69-8617,Sarah,Dean,sdeanhz@altervista.org,Female,Podcat
441-56-1746,Tammy,Mccoy,tmccoyi0@sakura.ne.jp,Female,Muxo
196-35-9397,Dennis,Hart,dharti1@163.com,Male,Agivu
275-85-5687,Jose,Myers,jmyersi2@salon.com,Male,Vinder
629-40-1111,Sarah,Davis,sdavisi3@columbia.edu,Female,Quaxo
590-94-7211,Patrick,Frazier,pfrazieri4@people.com.cn,Male,Trilith
840-60-5936,Earl,Butler,ebutleri5@flickr.com,Male,Zoonoodle
139-07-6842,George,Nichols,gnicholsi6@prnewswire.com,Male,Leexo
386-87-9642,Jessica,Phillips,jphillipsi7@mit.edu,Female,Trunyx
154-86-5366,Adam,Mcdonald,amcdonaldi8@lulu.com,Male,Demivee
435-36-7152,Jerry,Gordon,jgordoni9@nyu.edu,Male,Wordify
350-81-9805,Joshua,Larson,jlarsonia@baidu.com,Male,Wikizz
721-57-6228,Howard,Wood,hwoodib@archive.org,Male,Mybuzz
988-96-3905,Antonio,Martinez,amartinezic@sbwire.com,Male,Oyoba
252-69-6782,Christine,Wright,cwrightid@barnesandnoble.com,Female,Skinte
738-22-8237,Daniel,West,dwestie@statcounter.com,Male,Jazzy
519-62-4515,Frances,Jones,fjonesif@altervista.org,Female,Vinte
239-90-7137,Christopher,Myers,cmyersig@sbwire.com,Male,Flashpoint
809-73-0488,Katherine,Willis,kwillisih@pagesperso-orange.fr,Female,Twitterlist
403-10-7185,Phyllis,Hughes,phughesii@wikispaces.com,Female,Tagcat
362-88-1421,Johnny,Bailey,jbaileyij@prnewswire.com,Male,Quaxo
761-12-0249,Peter,Ray,prayik@yale.edu,Male,DabZ
562-84-9465,Scott,Lynch,slynchil@miitbeian.gov.cn,Male,Voonyx
778-04-2853,Terry,Wells,twellsim@diigo.com,Male,Chatterpoint
193-67-8272,Denise,Mitchell,dmitchellin@ocn.ne.jp,Female,Digitube
631-82-3929,Catherine,Burns,cburnsio@nhs.uk,Female,Thoughtsphere
824-84-9813,Henry,Rodriguez,hrodriguezip@cdbaby.com,Male,Divape
789-49-1796,Edward,Shaw,eshawiq@phpbb.com,Male,Mita
455-09-6321,Jacqueline,Payne,jpayneir@fda.gov,Female,Eamia
199-58-1599,Terry,Armstrong,tarmstrongis@europa.eu,Male,Latz
473-87-4733,Jason,Rogers,jrogersit@booking.com,Male,Meezzy
453-58-0436,Shirley,Mccoy,smccoyiu@yelp.com,Female,Flashdog
701-26-3542,Sandra,Knight,sknightiv@spotify.com,Female,Tagfeed
255-51-5637,Rose,Ellis,rellisiw@jiathis.com,Female,Youbridge
540-49-7982,Steven,Vasquez,svasquezix@alibaba.com,Male,Youbridge
635-69-2538,Joseph,Richardson,jrichardsoniy@telegraph.co.uk,Male,Roodel
985-85-1100,Helen,Reid,hreidiz@wikimedia.org,Female,Vitz
650-28-5827,Cynthia,Mccoy,cmccoyj0@usda.gov,Female,Aibox
632-33-5109,Roy,Murphy,rmurphyj1@bloglovin.com,Male,Fatz
105-50-3525,Gary,Lawrence,glawrencej2@google.co.jp,Male,Flashpoint
356-43-4724,Steve,Hicks,shicksj3@goodreads.com,Male,Fivespan
476-64-2109,Brandon,Alvarez,balvarezj4@utexas.edu,Male,Talane
409-38-9059,Richard,Fox,rfoxj5@about.me,Male,Mymm
236-99-2748,Tammy,Cole,tcolej6@over-blog.com,Female,Trunyx
444-27-8876,Martin,Richards,mrichardsj7@mediafire.com,Male,Zoonder
213-34-3042,Carl,Butler,cbutlerj8@jugem.jp,Male,Zoomdog
435-66-2125,Thomas,Ruiz,truizj9@sciencedirect.com,Male,Jaxworks
647-58-2707,Steve,Miller,smillerja@goo.gl,Male,Trunyx
971-30-8788,Frances,Brooks,fbrooksjb@kickstarter.com,Female,Skimia
191-67-7931,Evelyn,Bell,ebelljc@amazon.de,Female,Jabbercube
927-77-8606,Margaret,Watkins,mwatkinsjd@wordpress.org,Female,Innojam
211-22-8609,Walter,Wells,wwellsje@tripod.com,Male,Shufflebeat
163-58-5338,Willie,Gibson,wgibsonjf@over-blog.com,Male,Blogtag
721-55-9059,Marie,Sanders,msandersjg@webs.com,Female,Latz
779-10-3777,Jane,Hansen,jhansenjh@newyorker.com,Female,Topicware
645-49-2948,Lori,Nguyen,lnguyenji@usa.gov,Female,Aibox
632-71-4781,Justin,Peterson,jpetersonjj@wikia.com,Male,Skyvu
556-50-5537,Michael,Dean,mdeanjk@about.com,Male,Meevee
798-07-2161,Martha,Scott,mscottjl@columbia.edu,Female,Oodoo
416-80-6374,Diane,Lawrence,dlawrencejm@weibo.com,Female,Bluejam
323-63-6584,Louise,Parker,lparkerjn@dmoz.org,Female,Jaxspan
126-87-4346,Helen,Gardner,hgardnerjo@who.int,Female,Mymm
643-65-5101,Margaret,Daniels,mdanielsjp@soup.io,Female,Mudo
882-17-9840,Jane,Garcia,jgarciajq@dmoz.org,Female,Vipe
453-60-5370,Louise,Schmidt,lschmidtjr@ca.gov,Female,Tagopia
667-26-0622,Eric,Barnes,ebarnesjs@mapquest.com,Male,Yakijo
903-14-3191,Ashley,Harper,aharperjt@a8.net,Female,Skivee
485-66-4127,Emily,Ramos,eramosju@hp.com,Female,Fadeo
908-00-8242,Paul,Henry,phenryjv@archive.org,Male,Dabjam
343-98-4710,Jerry,Morgan,jmorganjw@china.com.cn,Male,Vitz
693-87-8915,Roy,Duncan,rduncanjx@geocities.jp,Male,Meevee
160-98-2437,Robert,Fisher,rfisherjy@cdbaby.com,Male,Cogibox
625-74-1553,Mildred,Myers,mmyersjz@illinois.edu,Female,Devify
337-01-7413,Anthony,Evans,aevansk0@earthlink.net,Male,Tagfeed
253-27-6735,Kelly,Brown,kbrownk1@about.me,Female,Brainverse
466-33-6944,Irene,Stevens,istevensk2@howstuffworks.com,Female,Yodo
152-21-0686,Christopher,Campbell,ccampbellk3@cam.ac.uk,Male,Zoonder
623-35-5594,Jimmy,Bell,jbellk4@themeforest.net,Male,Vitz
770-02-5264,Steven,Tucker,stuckerk5@europa.eu,Male,Quatz
719-86-4092,Maria,Black,mblackk6@webmd.com,Female,Buzzshare
693-11-3226,Barbara,Wheeler,bwheelerk7@pinterest.com,Female,DabZ
224-48-2022,Ruth,White,rwhitek8@disqus.com,Female,Innojam
756-62-1116,Denise,Lewis,dlewisk9@shinystat.com,Female,Innotype
663-75-1937,Clarence,Cox,ccoxka@biblegateway.com,Male,Kwimbee
880-31-1208,Larry,Vasquez,lvasquezkb@symantec.com,Male,Oozz
591-00-7347,Jonathan,Henderson,jhendersonkc@adobe.com,Male,Oozz
399-61-5838,Carl,Franklin,cfranklinkd@businessweek.com,Male,Zooveo
810-25-8383,Antonio,Reid,areidke@umich.edu,Male,Zoomzone
760-35-1419,Phillip,Martinez,pmartinezkf@nydailynews.com,Male,Dabvine
512-40-3909,Albert,Gonzales,agonzaleskg@wufoo.com,Male,Linktype
534-73-8963,Jesse,Vasquez,jvasquezkh@unblog.fr,Male,Dynabox
333-85-6033,Tammy,Morris,tmorriski@github.io,Female,Gabvine
354-44-2899,Lawrence,Anderson,landersonkj@yelp.com,Male,Shufflebeat
299-85-2397,Kevin,Reyes,kreyeskk@state.tx.us,Male,Leenti
201-59-8720,Cynthia,Ryan,cryankl@omniture.com,Female,Buzzster
197-43-1976,Julie,Davis,jdaviskm@google.es,Female,Zoombox
466-11-3690,Phillip,Simmons,psimmonskn@jigsy.com,Male,Skyba
593-80-1888,Christopher,Allen,callenko@unblog.fr,Male,Yabox
718-98-4282,Doris,Perkins,dperkinskp@qq.com,Female,Yombu
631-87-1103,Debra,Gordon,dgordonkq@dot.gov,Female,Roomm
646-79-5270,Harold,Day,hdaykr@ox.ac.uk,Male,Voolia
192-39-7999,Andrew,Walker,awalkerks@nps.gov,Male,Babbleblab
387-83-8849,Henry,Simmons,hsimmonskt@disqus.com,Male,Babblestorm
607-42-4584,Henry,Chavez,hchavezku@shop-pro.jp,Male,Kaymbo
127-19-2778,Tina,Elliott,telliottkv@i2i.jp,Female,Avavee
245-32-9685,Johnny,Oliver,joliverkw@census.gov,Male,Trudeo
379-29-5580,Frances,Foster,ffosterkx@boston.com,Female,Chatterbridge
376-97-6171,Benjamin,Nichols,bnicholsky@odnoklassniki.ru,Male,Reallinks
984-40-2621,Jennifer,Andrews,jandrewskz@ibm.com,Female,Fatz
721-62-2562,Brandon,Garcia,bgarcial0@scientificamerican.com,Male,Photolist
938-48-5484,George,Day,gdayl1@sina.com.cn,Male,Avamm
657-58-3367,Louise,Roberts,lrobertsl2@unc.edu,Female,Realcube
775-46-5529,Dennis,Jackson,djacksonl3@imdb.com,Male,Youopia
828-82-8836,Bruce,Duncan,bduncanl4@sakura.ne.jp,Male,Jetpulse
534-88-4058,Thomas,Cook,tcookl5@nationalgeographic.com,Male,Meevee
980-71-5597,Raymond,Washington,rwashingtonl6@jigsy.com,Male,Jaxspan
214-14-5598,Ryan,Gutierrez,rgutierrezl7@sourceforge.net,Male,Yacero
533-63-6853,Sandra,Clark,sclarkl8@google.cn,Female,Gigaclub
176-63-2399,Ronald,Martin,rmartinl9@mac.com,Male,Yakitri
138-05-1618,Bobby,Wallace,bwallacela@utexas.edu,Male,Blognation
413-55-8383,Barbara,Johnson,bjohnsonlb@seattletimes.com,Female,Chatterpoint
675-89-8268,Robin,Reyes,rreyeslc@omniture.com,Female,Youtags
213-19-7218,Victor,Cook,vcookld@nasa.gov,Male,Avamm
436-24-7852,Stephen,Carroll,scarrollle@sogou.com,Male,Twitterworks
493-68-1499,Willie,Vasquez,wvasquezlf@dedecms.com,Male,Topiclounge
574-41-0180,Sandra,Martin,smartinlg@phoca.cz,Female,Shufflebeat
873-33-8709,Raymond,Brooks,rbrookslh@wp.com,Male,Quimba
968-55-5381,Gerald,Parker,gparkerli@woothemes.com,Male,Linklinks
403-75-9785,Terry,Henderson,thendersonlj@ucla.edu,Male,Brainlounge
448-75-7560,Daniel,Bryant,dbryantlk@state.gov,Male,Quinu
747-04-5343,Gregory,Peterson,gpetersonll@360.cn,Male,Snaptags
722-06-7307,Albert,Coleman,acolemanlm@bloglines.com,Male,Vipe
261-60-6949,Bobby,Martinez,bmartinezln@angelfire.com,Male,Babbleopia
806-74-0607,Brenda,Burton,bburtonlo@reverbnation.com,Female,Jabbertype
131-51-6969,Jane,Lawrence,jlawrencelp@constantcontact.com,Female,Ntag
381-09-0157,Cheryl,Riley,crileylq@bbc.co.uk,Female,Quimba
941-98-8387,Rachel,Butler,rbutlerlr@illinois.edu,Female,Riffwire
461-73-7104,Bruce,Bennett,bbennettls@bloomberg.com,Male,Skinder
754-14-0214,Nicole,Stephens,nstephenslt@hatena.ne.jp,Female,Trilia
636-13-1471,Antonio,Scott,ascottlu@tmall.com,Male,Yakitri
235-86-6022,Doris,Price,dpricelv@answers.com,Female,Mudo
176-75-1114,Paul,Greene,pgreenelw@whitehouse.gov,Male,Leenti
127-48-5964,Carolyn,Schmidt,cschmidtlx@arstechnica.com,Female,Babbleset
207-63-6647,Keith,Nguyen,knguyenly@paypal.com,Male,Demizz
567-44-3828,Adam,Larson,alarsonlz@ycombinator.com,Male,Eimbee
763-24-1037,Judith,Rice,jricem0@cloudflare.com,Female,Quire
269-72-5358,Ruby,Hart,rhartm1@msu.edu,Female,Livetube
401-21-1523,Ronald,Armstrong,rarmstrongm2@ucoz.com,Male,Wikizz
238-64-1570,Julie,Patterson,jpattersonm3@jalbum.net,Female,Skinix
918-52-8080,Kimberly,Oliver,koliverm4@sfgate.com,Female,Jayo
613-28-9127,Randy,Jacobs,rjacobsm5@g.co,Male,BlogXS
205-66-2964,Adam,Hunt,ahuntm6@unc.edu,Male,Yakidoo
581-53-9748,Ann,Sullivan,asullivanm7@chicagotribune.com,Female,Zoomlounge
668-20-3921,Earl,Hawkins,ehawkinsm8@smh.com.au,Male,Eire
804-83-4141,Shawn,Lewis,slewism9@taobao.com,Male,Youspan
619-74-6433,Bruce,Ellis,bellisma@livejournal.com,Male,Quimba
329-71-3420,Stephanie,King,skingmb@lulu.com,Female,Jaxspan
418-07-2811,Nancy,Day,ndaymc@opera.com,Female,Vinte
629-51-0835,Lisa,Gordon,lgordonmd@seesaa.net,Female,JumpXS
820-91-9751,Norma,Ortiz,nortizme@blogtalkradio.com,Female,Devpulse
531-81-4049,Chris,Shaw,cshawmf@ifeng.com,Male,Omba
198-55-8304,Sara,Rogers,srogersmg@archive.org,Female,Ooba
680-86-5476,Bonnie,Washington,bwashingtonmh@chronoengine.com,Female,Cogilith
476-31-2999,Judith,Gutierrez,jgutierrezmi@gnu.org,Female,Babbleblab
479-05-5685,Norma,Barnes,nbarnesmj@patch.com,Female,Gabtune
179-60-2179,Teresa,Hayes,thayesmk@is.gd,Female,Twimbo
175-74-6022,Judith,Simmons,jsimmonsml@howstuffworks.com,Female,Meembee
631-94-5905,Gregory,Warren,gwarrenmm@dropbox.com,Male,Yakijo
207-38-0445,Roger,Carter,rcartermn@state.tx.us,Male,Kare
881-42-9252,Theresa,Gonzalez,tgonzalezmo@state.gov,Female,Brainsphere
341-04-8336,Cheryl,Robertson,crobertsonmp@smh.com.au,Female,Edgetag
548-52-6485,Jeffrey,Gardner,jgardnermq@blog.com,Male,Realblab
404-24-8727,Heather,Grant,hgrantmr@miibeian.gov.cn,Female,Mynte
700-72-0928,Wayne,Cox,wcoxms@jimdo.com,Male,Zooveo
295-95-7221,Melissa,Gray,mgraymt@amazon.co.jp,Female,Abatz
409-12-3370,Margaret,Hernandez,mhernandezmu@smh.com.au,Female,Oodoo
823-97-4155,Ernest,Armstrong,earmstrongmv@earthlink.net,Male,Pixonyx
809-31-8605,Ruby,Harper,rharpermw@utexas.edu,Female,Vipe
770-17-9732,Gregory,Brown,gbrownmx@foxnews.com,Male,Zoomdog
167-34-2892,David,Phillips,dphillipsmy@furl.net,Male,Aimbo
123-41-5543,Tina,Thompson,tthompsonmz@bravesites.com,Female,Topicshots
612-05-9580,Daniel,Dean,ddeann0@1und1.de,Male,Fatz
795-89-0033,Lawrence,Lawson,llawsonn1@europa.eu,Male,Jabberstorm
529-73-7740,John,Weaver,jweavern2@microsoft.com,Male,DabZ
473-62-6215,Anthony,Lane,alanen3@wikispaces.com,Male,Meezzy
816-10-8720,Margaret,West,mwestn4@nationalgeographic.com,Female,Realbuzz
229-64-8539,Robin,Lawson,rlawsonn5@lycos.com,Female,Kaymbo
320-72-5430,Christopher,King,ckingn6@google.com,Male,Tavu
148-41-9786,Dorothy,Tucker,dtuckern7@house.gov,Female,Oloo
298-22-4188,Jesse,Gonzales,jgonzalesn8@diigo.com,Male,Agimba
967-47-5931,Emily,Scott,escottn9@cnn.com,Female,Cogilith
503-18-0418,Brandon,Andrews,bandrewsna@list-manage.com,Male,Jaxspan
119-25-9234,Louis,Parker,lparkernb@printfriendly.com,Male,Skyba
509-24-5063,Catherine,James,cjamesnc@nih.gov,Female,Dabshots
598-24-3896,Marilyn,King,mkingnd@tuttocitta.it,Female,Yacero
335-98-3161,Christine,Banks,cbanksne@tumblr.com,Female,Demizz
213-73-2845,Virginia,Fuller,vfullernf@simplemachines.org,Female,Oyonder
695-52-7844,Martha,Smith,msmithng@cdc.gov,Female,Eazzy
417-38-0221,Tina,Johnston,tjohnstonnh@acquirethisname.com,Female,Zoomzone
245-98-2024,Joan,Washington,jwashingtonni@myspace.com,Female,Gigabox
423-58-1816,Martin,Gutierrez,mgutierreznj@people.com.cn,Male,Devify
882-20-2123,John,Murray,jmurraynk@ted.com,Male,Tazzy
351-14-5194,Kathleen,Carpenter,kcarpenternl@hao123.com,Female,Zoonoodle
467-18-0841,Harry,Fuller,hfullernm@cnet.com,Male,Photolist
507-96-1252,Harold,Morris,hmorrisnn@wp.com,Male,Plambee
637-60-9241,Patricia,Moreno,pmorenono@linkedin.com,Female,Mymm
621-25-0599,Timothy,Reid,treidnp@springer.com,Male,BlogXS
806-04-8480,Katherine,Cooper,kcoopernq@amazon.com,Female,Snaptags
429-88-3829,Susan,Andrews,sandrewsnr@issuu.com,Female,Yodel
146-84-5268,Diane,Reid,dreidns@pen.io,Female,Camido
956-74-9694,Howard,Shaw,hshawnt@netvibes.com,Male,Kimia
543-91-1755,Bruce,Romero,bromeronu@tamu.edu,Male,Oyoloo
235-57-3963,Ronald,Riley,rrileynv@businessinsider.com,Male,Jetpulse
945-14-0636,Jeremy,Grant,jgrantnw@princeton.edu,Male,Edgeclub
901-41-2257,Laura,Simpson,lsimpsonnx@themeforest.net,Female,Tavu
744-71-0745,Richard,Morgan,rmorganny@japanpost.jp,Male,Twitternation
555-99-9013,Jacqueline,Boyd,jboydnz@wix.com,Female,Flashpoint
998-49-3344,Craig,Rose,croseo0@myspace.com,Male,Kayveo
515-86-1919,Evelyn,Meyer,emeyero1@prweb.com,Female,Cogilith
707-62-9706,Phillip,Spencer,pspencero2@auda.org.au,Male,Twitterbridge
733-54-0415,Debra,Kelly,dkellyo3@blogtalkradio.com,Female,Linkbuzz
220-27-6044,Todd,Cole,tcoleo4@narod.ru,Male,Photolist
638-10-8636,Jeffrey,Mitchell,jmitchello5@people.com.cn,Male,Geba
521-66-3284,Christopher,Brooks,cbrookso6@adobe.com,Male,Fivebridge
637-99-7718,John,Reyes,jreyeso7@microsoft.com,Male,Edgeify
956-18-0468,Cynthia,Hamilton,chamiltono8@ovh.net,Female,Photolist
362-00-1022,Albert,Owens,aowenso9@google.es,Male,Jetpulse
659-13-1784,Pamela,Patterson,ppattersonoa@chron.com,Female,Flashpoint
886-67-8231,Harold,Rice,hriceob@mail.ru,Male,Leexo
487-87-2933,Evelyn,Hunter,ehunteroc@house.gov,Female,Tagfeed
240-09-8964,Phyllis,Gomez,pgomezod@imgur.com,Female,Geba
330-14-5360,Pamela,Burke,pburkeoe@uiuc.edu,Female,Voomm
398-95-5791,Elizabeth,Carr,ecarrof@bluehost.com,Female,Chatterpoint
502-49-7706,Christopher,Gonzalez,cgonzalezog@aboutads.info,Male,Skyba
573-85-8217,Juan,Hansen,jhansenoh@wix.com,Male,Cogibox
841-29-9843,Nicholas,Fuller,nfulleroi@usa.gov,Male,Jamia
867-26-3381,Roger,Hayes,rhayesoj@godaddy.com,Male,Camimbo
176-45-1070,Jennifer,Meyer,jmeyerok@csmonitor.com,Female,Dablist
486-15-8657,Joshua,Martin,jmartinol@csmonitor.com,Male,Fadeo
584-74-0848,Maria,Reynolds,mreynoldsom@imgur.com,Female,Eazzy
938-49-2450,Billy,Nichols,bnicholson@vimeo.com,Male,Wordware
246-38-6334,Louise,Nichols,lnicholsoo@macromedia.com,Female,Buzzshare
182-66-2230,Harold,Coleman,hcolemanop@columbia.edu,Male,Buzzshare
212-61-2103,Nancy,Freeman,nfreemanoq@yahoo.co.jp,Female,Buzzshare
545-23-9859,Laura,Hunter,lhunteror@marriott.com,Female,Yodoo
757-05-3198,Terry,Cox,tcoxos@reddit.com,Male,Rhyzio
642-96-2910,Katherine,Willis,kwillisot@ning.com,Female,Tambee
475-28-3218,Ashley,Banks,abanksou@issuu.com,Female,Zoonoodle
317-05-5527,Peter,Morgan,pmorganov@furl.net,Male,Zoomdog
455-17-6181,Maria,Fox,mfoxow@webs.com,Female,Lazzy
541-28-3323,Deborah,Howard,dhowardox@sciencedaily.com,Female,Edgeify
559-70-2571,Donald,Sims,dsimsoy@slate.com,Male,Devpulse
578-61-3605,Scott,Bishop,sbishopoz@businessinsider.com,Male,Vinder
729-89-5913,Sharon,Castillo,scastillop0@umn.edu,Female,Kare
210-78-2321,Anna,Allen,aallenp1@histats.com,Female,Browseblab
201-27-0370,Denise,Ferguson,dfergusonp2@noaa.gov,Female,Plambee
398-88-2174,Paul,Mcdonald,pmcdonaldp3@un.org,Male,Vinder
861-16-2808,Jimmy,Hicks,jhicksp4@wikipedia.org,Male,Edgepulse
456-58-6061,Phillip,Ross,prossp5@usatoday.com,Male,Rhycero
249-25-5580,Laura,Ramirez,lramirezp6@blogs.com,Female,Zooveo
785-37-2605,Jimmy,Garza,jgarzap7@instagram.com,Male,Skiba
950-00-3557,Nicole,Lewis,nlewisp8@dailymotion.com,Female,Yakijo
839-05-3026,Harry,Ryan,hryanp9@tamu.edu,Male,Fliptune
583-32-1664,John,Frazier,jfrazierpa@ifeng.com,Male,Rooxo
889-29-0469,Kelly,Stone,kstonepb@bloglovin.com,Female,Dynabox
697-89-1513,Shirley,Franklin,sfranklinpc@toplist.cz,Female,Brainbox
756-48-2348,Albert,Burns,aburnspd@bigcartel.com,Male,Talane
846-47-2636,Arthur,Mccoy,amccoype@sogou.com,Male,Wikivu
339-56-9226,Melissa,Weaver,mweaverpf@fda.gov,Female,Cogilith
724-79-8524,Bruce,Dean,bdeanpg@usnews.com,Male,Jayo
941-08-3608,Julie,Fowler,jfowlerph@deliciousdays.com,Female,Katz
698-50-4733,Justin,Mcdonald,jmcdonaldpi@sakura.ne.jp,Male,Viva
943-46-1017,Larry,Green,lgreenpj@springer.com,Male,Feedbug
859-44-6091,Willie,Johnston,wjohnstonpk@yelp.com,Male,Topiclounge
387-75-5186,Donald,Burns,dburnspl@bbb.org,Male,Skinder
766-06-5944,Timothy,Campbell,tcampbellpm@wsj.com,Male,Mybuzz
799-00-5087,Kimberly,Cunningham,kcunninghampn@nih.gov,Female,Yakitri
249-22-6317,Betty,Thompson,bthompsonpo@squarespace.com,Female,Twitterbridge
928-37-9011,Nicole,Wagner,nwagnerpp@sohu.com,Female,Mita
705-38-7395,Betty,Fowler,bfowlerpq@wikimedia.org,Female,BlogXS
391-55-6019,Steve,Garcia,sgarciapr@over-blog.com,Male,Fadeo
852-87-9930,Jeffrey,Reed,jreedps@ning.com,Male,Mymm
760-98-8826,Beverly,Williamson,bwilliamsonpt@hhs.gov,Female,Brainsphere
824-17-3894,Willie,Powell,wpowellpu@columbia.edu,Male,Feedfish
599-78-5189,Steven,Shaw,sshawpv@earthlink.net,Male,Jatri
882-76-0543,Brenda,Arnold,barnoldpw@apache.org,Female,Roombo
274-72-3474,Jean,Sullivan,jsullivanpx@amazon.com,Female,Npath
228-22-0913,Donna,Frazier,dfrazierpy@slate.com,Female,Jayo
506-32-6317,Ruby,Rogers,rrogerspz@walmart.com,Female,Ntags
239-47-8620,Dennis,Willis,dwillisq0@vimeo.com,Male,Topicstorm
263-64-9161,Alan,Hudson,ahudsonq1@deviantart.com,Male,Trudoo
104-44-0317,Julie,Dixon,jdixonq2@elegantthemes.com,Female,Vitz
669-07-3611,Brenda,Lawrence,blawrenceq3@aboutads.info,Female,Edgeify
624-35-9576,Brenda,Armstrong,barmstrongq4@bizjournals.com,Female,Browsetype
193-56-5920,Wayne,Nguyen,wnguyenq5@macromedia.com,Male,Katz
831-09-0860,Pamela,Mitchell,pmitchellq6@ed.gov,Female,Thoughtblab
788-73-7825,Diane,Tucker,dtuckerq7@google.com.au,Female,Tavu
544-29-7365,Samuel,Duncan,sduncanq8@dedecms.com,Male,Twiyo
187-27-6482,Annie,Tucker,atuckerq9@reference.com,Female,Wikibox
664-03-8226,Joseph,Mitchell,jmitchellqa@chronoengine.com,Male,Yambee
844-56-2359,Ruth,Castillo,rcastilloqb@linkedin.com,Female,Mymm
733-87-2476,Louise,Henderson,lhendersonqc@arizona.edu,Female,Fliptune
298-15-5836,Frank,Ryan,fryanqd@dyndns.org,Male,Meembee
286-16-7889,Melissa,Hughes,mhughesqe@omniture.com,Female,Gabcube
712-71-1407,Lori,Mills,lmillsqf@stumbleupon.com,Female,Abata
320-50-3247,Phillip,Powell,ppowellqg@msn.com,Male,Dynazzy
108-89-6145,Ashley,Morales,amoralesqh@prlog.org,Female,Gabspot
216-88-1638,Julia,Garrett,jgarrettqi@usa.gov,Female,Demimbu
623-16-1379,Maria,Washington,mwashingtonqj@domainmarket.com,Female,Voonte
692-70-7403,Alice,Morrison,amorrisonqk@themeforest.net,Female,Tagpad
776-71-1940,Linda,Jordan,ljordanql@csmonitor.com,Female,Babbleopia
509-30-9846,Ruth,Murphy,rmurphyqm@ustream.tv,Female,LiveZ
295-77-3121,Jennifer,Carroll,jcarrollqn@mediafire.com,Female,Topicstorm
309-79-9844,James,Sanders,jsandersqo@microsoft.com,Male,Kamba
382-86-4368,Sandra,Lane,slaneqp@infoseek.co.jp,Female,Meezzy
896-23-0900,Philip,Edwards,pedwardsqq@yahoo.co.jp,Male,Shufflester
923-85-9887,Earl,Medina,emedinaqr@tumblr.com,Male,Flashset
525-22-4707,Angela,Thompson,athompsonqs@baidu.com,Female,Skinte
303-77-8373,Gary,Hernandez,ghernandezqt@un.org,Male,Realpoint
865-80-4609,Jack,Sims,jsimsqu@yellowpages.com,Male,Skinix
988-63-2292,Cynthia,Jacobs,cjacobsqv@elpais.com,Female,Rhyzio
472-74-4375,Chris,Morris,cmorrisqw@taobao.com,Male,Topicshots
744-60-7206,Gloria,Frazier,gfrazierqx@bravesites.com,Female,JumpXS
228-20-1746,Anna,Greene,agreeneqy@technorati.com,Female,Twinte
710-32-3227,Jerry,Howell,jhowellqz@columbia.edu,Male,Jaxspan
112-13-0334,Patrick,Marshall,pmarshallr0@tmall.com,Male,Ailane
204-22-9945,Lori,Sims,lsimsr1@xing.com,Female,Ooba
828-86-5801,Katherine,Larson,klarsonr2@flickr.com,Female,Gabvine
475-87-3974,Nicholas,Ferguson,nfergusonr3@cpanel.net,Male,Kwinu
930-80-3641,Roger,Berry,rberryr4@wsj.com,Male,Tagfeed
863-16-0474,Mary,Freeman,mfreemanr5@about.com,Female,Roomm
482-39-6425,Elizabeth,Owens,eowensr6@washingtonpost.com,Female,Skyndu
188-52-6475,Jennifer,Cunningham,jcunninghamr7@cbsnews.com,Female,Flashspan
467-52-6158,Mary,Carroll,mcarrollr8@si.edu,Female,Gevee
523-92-8029,Earl,Nguyen,enguyenr9@ustream.tv,Male,Oozz
301-76-5703,Kathleen,Edwards,kedwardsra@apache.org,Female,Eidel
426-64-9687,Jane,Walker,jwalkerrb@sciencedirect.com,Female,Vimbo
776-13-4680,Gregory,White,gwhiterc@java.com,Male,Yabox
400-14-6328,Jeffrey,Hughes,jhughesrd@cmu.edu,Male,Skipfire
986-68-0064,Theresa,Turner,tturnerre@devhub.com,Female,Chatterpoint
916-80-0418,Mildred,Thomas,mthomasrf@umich.edu,Female,Pixonyx
431-17-8999,Henry,Ellis,hellisrg@lycos.com,Male,Dazzlesphere
627-24-6277,Ryan,Dunn,rdunnrh@virginia.edu,Male,Skyvu
939-49-3567,Justin,White,jwhiteri@comsenz.com,Male,Devbug
168-02-1073,Frances,Smith,fsmithrj@cmu.edu,Female,Eayo
241-27-4997,Jeffrey,Cruz,jcruzrk@baidu.com,Male,Abata
371-83-6703,Harry,Edwards,hedwardsrl@tiny.cc,Male,Flipstorm
795-87-9652,Kelly,Marshall,kmarshallrm@feedburner.com,Female,Browsecat
849-75-1068,Jason,Lawson,jlawsonrn@senate.gov,Male,Rhynoodle
987-80-0615,Timothy,Barnes,tbarnesro@unesco.org,Male,Yakidoo
151-44-3824,Marie,Ramos,mramosrp@instagram.com,Female,Avaveo
489-01-7277,Kathleen,Martin,kmartinrq@issuu.com,Female,Plambee
109-56-2250,Melissa,Carroll,mcarrollrr@loc.gov,Female,Youtags
